{"cameraMode":{"drawMode":0,"name":"Shaded","section":"Shading Mode"},"sceneLighting":false,"audioPlay":false,"sceneViewState":{"m_AlwaysRefresh":false,"showFog":true,"showSkybox":false,"showFlares":true,"showImageEffects":true,"showParticleSystems":true,"showVisualEffectGraphs":true,"m_FxEnabled":true},"in2DMode":false,"pivot":{"x":-125.69000244140625,"y":4.5199995040893559,"z":165.58999633789063},"rotation":{"x":-0.06238240748643875,"y":0.9324679374694824,"z":-0.29766547679901125,"w":-0.1952390819787979},"size":12.171724319458008,"orthographic":false}